week_start,total_spend,pct_spend_mm,pct_spend_3p,pct_spend_crm,pct_spend_pp,pct_spend_keywords,pct_spend_pp_ex_wgu
2024-11-04,2969183.695239,0.707842596,0,0.188257412,0,0.255145134,0
2024-11-11,3404609.742777,0.742992326,0,0.193600945,0,0.279136922,0
2024-11-18,3841535.084446,0.76650134,0,0.22058741,0,0.308283496,0
2024-11-25,4785883.607302,0.810392252,0,0.215073959,0,0.353564679,0
2024-12-02,3811375.130288,0.790009635,0,0.226391029,0,0.349886515,0
2024-12-09,3741137.131398,0.792425723,0,0.241266496,0,0.362152892,0
2024-12-16,3735011.570712,0.786358207,0,0.230241437,0,0.407896895,0
2024-12-23,3640860.073822,0.783953786,0,0.231392582,0,0.38885598,0
2024-12-30,3536604.289428,0.790288066,0,0.255452388,0,0.391315836,0
2025-01-06,3372323.634565,0.775613334,0,0.273608678,0,0.386501742,0
2025-01-13,3631545.13269,0.79482673,0,0.254031935,0,0.381859811,0
2025-01-20,3814708.761998,0.797020548,0,0.252746994,0,0.378805319,0
2025-01-27,4031111.429568,0.802453392,0,0.251919385,0,0.389632119,0
2025-02-03,4085101.492184,0.799208521,0,0.24532296,0,0.38934626,0
2025-02-10,4163573.504582,0.796317141,0,0.235687766,0,0.374078958,0
2025-02-17,4155233.526165,0.787015933,0,0.218032509,0,0.352611985,0
2025-02-24,4071547.805951,0.771305942,0,0.219185675,0,0.350799744,0
2025-03-03,3536965.449795,0.787168759,0,0.228334933,0,0.389021409,0
2025-03-10,4066283.311886,0.793836941,0,0.230560849,0,0.403215465,0
2025-03-17,4560996.46784,0.800931001,0,0.224362746,0,0.407895241,0
2025-03-24,5016973.583191,0.801753086,0,0.228342675,0,0.40150197,0
2025-03-31,4100420.345995,0.806230407,0,0.243797962,0,0.417109028,0
2025-04-07,4176813.640232,0.796165079,0,0.2386818,0,0.405400236,0
2025-04-14,4299079.865075,0.785730942,0,0.22886929,0,0.416018612,0
2025-04-21,4548536.895632,0.793068594,0,0.231019753,0,0.420134951,0
2025-04-28,4440790.215404,0.805079714,0,0.23582282,0,0.433111586,0
2025-05-05,4458668.547585,0.799075165,0.105416605,0.236967019,0,0.435194927,0
2025-05-12,4019017.56676,0.786053884,0.294965088,0.21663434,0,0.435598783,0
2025-05-19,4475483.022893,0.77463115,0.294231512,0.22741576,0.0101779,0.440314662,0.01114641
2025-05-26,4622897.450912,0.770685895,0.279440834,0.230095534,0.007148025,0.433015812,0.007886342
2025-06-02,4122163.834405,0.765991671,0.317843657,0.222327858,0.007942962,0.436039026,0.008792032
2025-06-09,4595410.794657,0.771573657,0.334346696,0.2375034,0.021643772,0.434150592,0.023745871
2025-06-16,4476616.380787,0.775237086,0.317646366,0.233308538,0.013253073,0.444415027,0.014581008
2025-06-23,4749995.672882,0.773406437,0.31209075,0.243814918,0.012905133,0.447058931,0.014181274
2025-06-30,3711829.887673,0.776673679,0.287356155,0.2324547,0.014193197,0.465856812,0.015756195
2025-07-07,3388496.91958,0.771274395,0.277230876,0.219726344,0.012779312,0.468032477,0.014252699
2025-07-14,3341456.952689,0.771303842,0.301527111,0.219003035,0.008088797,0.462847117,0.009047183
2025-07-21,3624202.526558,0.762523504,0.30055202,0.224619988,0.006601228,0.474684623,0.007328235
2025-07-28,3690553.778999,0.737586588,0.328501426,0.223958296,0.008401976,0.480290678,0.009304292
2025-08-04,3479222.255927,0.751809856,0.344683464,0.223327786,0.010459922,0.482568979,0.011684196
2025-08-11,3566132.518374,0.73673216,0.344417875,0.228883907,0.01125195,0.47615756,0.012546098
2025-08-18,3475765.07485,0.741657275,0.343030402,0.239322278,0.01105366,0.483645824,0.012362464
2025-08-25,3543902.088705,0.741420488,0.332372442,0.240602817,0.012752617,0.477506449,0.014225014
2025-09-01,3035966.015178,0.746688921,0.329685302,0.243720886,0.013930569,0.446269896,0.01589882
2025-09-08,3087002.689082,0.745400602,0.331919375,0.259449995,0.008899716,0.451389365,0.010137235
2025-09-15,3246875.490591,0.744491369,0.344663268,0.2476597,0.006708654,0.455191472,0.007593084
2025-09-22,3537525.1855,0.73036157,0.34147916,0.251445653,0.012857284,0.458917714,0.014408617
2025-09-29,3240166.897265,0.732754012,0.35063713,0.232418468,0.03269849,0.468515965,0.036969453
2025-10-06,3349354.577725,0.725924908,0.355582049,0.232898967,0.066219009,0.478049076,0.073795267
2025-10-13,3717926.129453,0.736600599,0.357723974,0.2347479,0.088764354,0.462540163,0.098386799
2025-10-20,3860123.916726,0.733029507,0.339381423,0.253373807,0.104090789,0.468840365,0.114776678
2025-10-27,4193220.695659,0.567003378,0.351388518,0.263192662,0.10019907,0.45218935,0.110416285
2025-11-03,3547658.590753,0.44000678,0.359531217,0.262851254,0.090580127,0.45325819,0.100502078
2025-11-10,3767740.890942,0.413271376,0.364903001,0.248816675,0.10361734,0.468006988,0.114025552
2025-11-17,4273369.00124,0.42181212,0.366661656,0.267956952,0.132141,0.468434228,0.144438957
2025-11-24,5423198.360212,0.435986068,0.355229283,0.251330176,0.148491833,0.471945238,0.159991314
2025-12-01,3430875.223579,0.456041437,0.32873858,0.282699479,0.122078594,0.441897144,0.135359537
2025-12-08,3036359.965589,0.42136204,0.337340759,0.290971762,0.121141352,0.443123676,0.136735637
2025-12-15,2478335.698867,0.436872447,0.316112459,0.264476102,0.142379811,0.442290673,0.166202038
2025-12-22,1924094.697993,0.448942637,0.327971847,0.249560514,0.155999686,0.450197154,0.192683168
2025-12-29,1987504.084208,0.453079205,0.335663637,0.279974833,0.1241877,0.452865104,0.151444235
2026-01-05,2230782.896765,0.445172159,0.330734615,0.292708575,0.139408442,0.491269532,0.165138214
2026-01-12,2424980.662403,0.441143542,0.310459055,0.281587894,0.156077349,0.487719918,0.183663223
2026-01-19,2540996.86269,0.450385222,0.31361172,0.288657044,0.147543016,0.477412,0.173130486
2026-01-26,2511502.324029,0.451799418,0.365847698,0.311697175,0.129172517,0.478010464,0.152263134
2026-02-02,2441404.279736,0.445038348,0.369410683,0.29280093,0.132920278,0.473047571,0.158856028
2026-02-09,2499378.210641,0.44077206,0.369526846,0.290822508,0.133971319,0.473607775,0.159399015
2026-02-16,2593001.614103,0.432880952,0.375254443,0.277753122,0.121624621,0.462545972,0.144145208
2026-02-23,1823298.907953,0.436743635,0.402562055,0.270962132,0.12865857,0.457816443,0.152332085
2026-03-02,2018301.160352,0.473389571,0.394977409,0.272696146,0.139219333,0.457679954,0.168091125
2026-03-09,1939109.237957,0.461539959,0.382842414,0.305481098,0.139720193,0.489368606,0.165456837
2026-03-16,2725704.030726,0.379027991,0.350279673,0.263490701,0.110227433,0.396703949,0.135934307
2026-03-23,1852266.127005,0.391414563,0.406359288,0.308106695,0.127885696,0.423635904,0.150523869
2026-03-30,1787006.036229,0.415528574,0.440778674,0.322357768,0.121533436,0.407967982,0.141153789
2026-04-06,2767656.373341,0.380684838,0.427984465,0.330453702,0.123285954,0.394757421,0.142466101
2026-04-13,564358.493875,0.39077562,0.414652956,0.342036809,0.12009975,0.3970333,0.138025063
