week_start,n_advertisers,n_campaigns,pct_adv_mm,pct_adv_3p,pct_adv_crm,pct_adv_pp,pct_adv_keywords,pct_camp_mm,pct_camp_3p,pct_camp_crm,pct_camp_pp,pct_camp_keywords,pct_camp_retargeting,pct_camp_prospecting,pct_camp_funnel_1,pct_camp_funnel_ge2
2024-11-04,872,8975,0.9896788990825688,0.0,0.2889908256880734,0.0,0.4197247706422018,0.9806128133704736,0.0,0.08557103064066852,0.0,0.06852367688022284,0.41949860724233984,0.43409470752089135,0.2716434540389972,0.6762116991643454
2024-11-11,940,10731,0.9904255319148936,0.0,0.2957446808510638,0.0,0.4797872340425532,0.9823874755381604,0.0,0.08890131395023763,0.0,0.0697045941664337,0.4029447395396515,0.44450656975118813,0.2742521666200727,0.6818563041655018
2024-11-18,1009,11833,0.9910802775024777,0.0,0.2993062438057483,0.0,0.5024777006937562,0.9830136060170709,0.0,0.0857770641426519,0.0,0.07479083917856841,0.39296881602298656,0.4510267894870278,0.2700921152708527,0.6900194371672441
2024-11-25,1035,12434,0.991304347826087,0.0,0.2975845410628019,0.0,0.5159420289855072,0.982628277304166,0.0,0.08621521634228728,0.0,0.07487534180472896,0.393437349203796,0.45061926974424965,0.26982467428019946,0.6915714975068361
2024-12-02,1084,13384,0.9916974169741697,0.0,0.2952029520295203,0.0,0.525830258302583,0.9825911536162583,0.0,0.0856246264196055,0.0,0.07763000597728631,0.3830693365212194,0.4581589958158996,0.2677077106993425,0.6964285714285714
2024-12-09,1140,15647,0.993859649122807,0.0,0.2956140350877193,0.0,0.5473684210526316,0.9840864063398734,0.0,0.09586502204895507,0.0,0.08091007860931808,0.3451779893909376,0.5027161756247204,0.3042116699686841,0.6638333226816642
2024-12-16,1281,21037,0.9976580796252927,0.0,0.29586260733801717,0.0,0.5362997658079626,0.9848362409088749,0.0,0.08760754860483909,0.0,0.068498360032324,0.2997100347007653,0.5369111565337263,0.2887293815658126,0.6801350002376765
2024-12-23,1294,21559,0.9976816074188563,0.0,0.2936630602782071,0.0,0.5394126738794436,0.9847395519272694,0.0,0.08571826151491256,0.0,0.0686488241569646,0.29866876942344267,0.5371306646876015,0.2873509903056728,0.6822672665708057
2024-12-30,1354,23715,0.9985228951255539,0.0,0.2902511078286558,0.0,0.5420974889217134,0.985831752055661,0.0,0.08260594560404808,0.0,0.06991355682057769,0.32089394897744045,0.5205566097406704,0.27632300231920726,0.6840818047649168
2025-01-06,1407,26006,0.9992892679459844,0.0,0.28429282160625446,0.0,0.5565031982942431,0.9869260939783127,0.0,0.07732830885180343,0.0,0.068330385295701,0.30181496577712835,0.5305314158271168,0.2606321618088134,0.7027224486656926
2025-01-13,1485,29786,0.9993265993265993,0.0,0.2760942760942761,0.0,0.5595959595959596,0.9882830860135634,0.0,0.07003290136305647,0.0,0.06435909487678776,0.2764385953132344,0.5407909756261331,0.23819915396494998,0.7296045121869335
2025-01-20,1526,30767,0.9993446920052425,0.0,0.2712975098296199,0.0,0.5701179554390564,0.9885591705398641,0.0,0.0688399908993402,0.0,0.06591477882146456,0.2727922774401144,0.5429518640101407,0.23720219715929405,0.731400526538174
2025-01-27,1562,32346,0.9993597951344431,0.0,0.26696542893725994,0.0,0.5857874519846351,0.9890249180733321,0.0,0.06714895195696531,0.0,0.0680764236690781,0.28093118159896124,0.536696964075929,0.23446484882211094,0.7355468991529092
2025-02-03,1615,34008,0.9993808049535604,0.0,0.26625386996904027,0.0,0.5993808049535604,0.989061397318278,0.0,0.06633733239237827,0.0,0.06945424605975065,0.28672665255234064,0.5321100917431193,0.23229828275699835,0.7391790167019525
2025-02-10,1666,35095,0.9993997599039616,0.0,0.26410564225690275,0.0,0.6014405762304922,0.9891437526713207,0.0,0.06616327112124235,0.0,0.07006696110557059,0.2859951560051289,0.5323265422424847,0.23171391936173244,0.7406468157857244
2025-02-17,1729,36488,0.9994216310005783,0.0,0.2631578947368421,0.0,0.6153846153846154,0.9892293356720018,0.0,0.06506248629686472,0.0,0.07158517868888402,0.2854363078272309,0.5324490243367682,0.230349704012278,0.7430662135496602
2025-02-24,1774,38007,1.0,0.0,0.2688838782412627,0.0,0.62119503945885,0.9894493119688479,0.0,0.0685400057884074,0.0,0.07282868945194307,0.28063251506301473,0.5350067092903938,0.2288525797879338,0.7455994948298997
2025-03-03,1823,39042,1.0,0.0,0.2643993417443774,0.0,0.6231486560614372,0.9896265560165975,0.0,0.06825982275498181,0.0,0.07363864556119051,0.27900722299062547,0.535935659033861,0.22877926335740997,0.7463500845243584
2025-03-10,1887,40476,1.0,0.0,0.26179120296767355,0.0,0.6263910969793323,0.9897964225714003,0.0,0.06816385018282439,0.0,0.07436505583555687,0.27967190433837336,0.535082518035379,0.2286787231939915,0.7473317521494219
2025-03-17,1939,42020,1.0,0.0,0.26353790613718414,0.0,0.626611655492522,0.9896001903855307,0.0,0.0702284626368396,0.0,0.07539267015706806,0.2770823417420276,0.5367206092336982,0.22853403141361256,0.7480009519276535
2025-03-24,2010,43428,1.0,0.0,0.263681592039801,0.0,0.6338308457711442,0.9896840747904577,0.0,0.07076079948420375,0.0,0.07739246569033803,0.2739707101409229,0.5388459058671825,0.22856221792392006,0.7487335359675785
2025-03-31,2059,45022,1.0,0.0,0.26129188926663427,0.0,0.6396308887809616,0.9896050819599307,0.0,0.07136511039047577,0.0,0.07856159211052374,0.27235573719514905,0.5396472835502644,0.22866598551819112,0.7494336102349962
2025-04-07,2107,46149,1.0,0.0,0.26625533934504036,0.0,0.6402467963929758,0.989447225291989,0.0,0.07191921818457604,0.0,0.07909163795531864,0.27077509805196215,0.5406184316019849,0.2285639992199181,0.7500704240611931
2025-04-14,2150,48663,1.0,0.0,0.27069767441860465,0.0,0.6465116279069767,0.9894992088445019,0.0,0.07081355444588291,0.0,0.07771818424675832,0.266157039228983,0.5411709101370651,0.22411277562008097,0.7556254238333026
2025-04-21,2179,49759,1.0,0.0,0.2693896282698486,0.0,0.6466268930702157,0.9892481762093289,0.0,0.07060029341425672,0.0,0.07839787777085552,0.2673888140838843,0.5400430072951626,0.22391929098253582,0.7562651982555919
2025-04-28,2227,51285,1.0,0.0,0.26717557251908397,0.0,0.6511001347103726,0.9888076435604952,0.0,0.0714243930973969,0.0,0.08051087062493907,0.26555523057424196,0.5415033635565955,0.22458808618504436,0.7561860193038901
2025-05-05,2297,56492,1.0,0.5398345668262952,0.2694819329560296,4.3535045711797995E-4,0.6491075315629081,0.962950506266374,0.08560504142179423,0.07158535721872124,1.7701621468526518E-5,0.07528499610564328,0.24830064433902146,0.5570700276145295,0.2362989449833605,0.7462295546272039
2025-05-12,2341,57409,1.0,0.5412217001281504,0.26697992310978214,4.2716787697565144E-4,0.6514310123878684,0.9623229807173092,0.08611890121757912,0.07136511696772282,1.7418871605497397E-5,0.07563274051106969,0.247382814541274,0.5577348499364211,0.2361998989705447,0.7466076747548294
2025-05-19,2398,58366,1.0,0.5429524603836531,0.2664720600500417,0.0012510425354462051,0.6563803169307757,0.9621354898399753,0.08597471130452661,0.07136003837850803,1.1993283761093787E-4,0.07629441798307234,0.24858650584244252,0.5570023643902272,0.23638762293115856,0.7467018469656992
2025-05-26,2429,62185,1.0,0.5421984355701935,0.269658295594895,0.0016467682173734047,0.6657060518731989,0.9629492642920319,0.08183645573691405,0.07025810082817399,1.4472943635925062E-4,0.07413363351290504,0.25252070434992363,0.552046313419635,0.23368979657473668,0.7498271287287931
2025-06-02,2481,64414,1.0,0.5477629987908101,0.2704554615074567,0.012091898428053204,0.6702942361950827,0.9624305275250722,0.08224920048436675,0.07085416213866551,6.830813177259602E-4,0.07442481448132393,0.25401310274164,0.5512776725556556,0.23334989288042973,0.7496662216288384
2025-06-09,2543,66765,1.0,0.5485646873771136,0.2674007078254031,0.012976799056232795,0.6740070782540307,0.9617913577473227,0.08176439751366735,0.07003669587358646,7.7885119448813E-4,0.07394592975361342,0.2583389500486782,0.5518160712948401,0.23317606530367707,0.7495244514341346
2025-06-16,2577,67433,1.0,0.5529685681024447,0.26620100892510673,0.012805587892898719,0.6748156771439658,0.9610724719351059,0.08227425741105987,0.07014369818931383,7.859653285483369E-4,0.07471119481559474,0.25815253659187637,0.5527412394524935,0.23369863419987247,0.7491732534515742
2025-06-23,2614,68314,1.0,0.5527926549349655,0.265876052027544,0.01262433052792655,0.6782708492731446,0.9606815586848962,0.08226717803085751,0.07007348420528735,7.758292590098662E-4,0.07525543812395702,0.25898058963023685,0.5532101765377522,0.2342418830693562,0.748850894399391
2025-06-30,2649,69387,1.0,0.5541713854284636,0.2642506606266516,0.012835032087580219,0.6810117025292564,0.9603095680747114,0.08282531309899549,0.07021488175018376,7.782437632409529E-4,0.07616700534682289,0.25875163935607537,0.5547869197400089,0.23452519924481532,0.7488290313747532
2025-07-07,2672,70097,1.0,0.5542664670658682,0.2616017964071856,0.012724550898203593,0.6822604790419161,0.960198011327161,0.08292794270796182,0.07025978287230553,8.55956745652453E-4,0.0766366606274163,0.2584989371870408,0.5557869808978986,0.2348174672239896,0.7487053654222007
2025-07-14,2724,71034,1.0,0.5558002936857562,0.2591776798825257,0.012848751835535976,0.6853891336270191,0.9598220570431061,0.08365008305881691,0.07009319480812005,9.713658248162851E-4,0.07768111045414872,0.25725708815496806,0.5578314609905116,0.23538024044823605,0.748359940310274
2025-07-21,2776,71747,1.0,0.5565561959654178,0.2600864553314121,0.01260806916426513,0.6865994236311239,0.9594547507212845,0.08386413369200106,0.06987051723417007,9.477748198530949E-4,0.07795447893291706,0.2570978577501498,0.5588108213583843,0.235703234978466,0.7481985309490292
2025-07-28,2814,72929,1.0,0.562544420753376,0.259772565742715,0.012082444918265814,0.6915422885572139,0.9592480357608084,0.08415033799997258,0.06951966981584828,9.59837650317432E-4,0.07937857368125163,0.2553990867830356,0.5610936664427045,0.23598294231375722,0.7481797364560051
2025-08-04,2853,73616,1.0,0.5580091132141606,0.25797406239046616,0.011917280056081317,0.69155275148966,0.9591800695500978,0.08382688545968268,0.06960443381873506,9.508802434253424E-4,0.07992827646163878,0.25510758530754185,0.5621060638991524,0.23608998043903498,0.7482204955444468
2025-08-11,2886,74345,1.0,0.5557865557865558,0.25675675675675674,0.01178101178101178,0.695079695079695,0.959069204384962,0.08410787544555787,0.06956755666151053,9.281054543008945E-4,0.08067792050575022,0.25481202501849487,0.5632255027237878,0.23642477638038872,0.7480395453628355
2025-08-18,2926,75103,1.0,0.5553656869446343,0.2552973342447027,0.01161995898838004,0.6968557758031442,0.9587366683088558,0.08420435934649748,0.06937139661531497,9.586834081195158E-4,0.081168528554119,0.2544505545717215,0.5643316511990201,0.23659507609549552,0.7480260442325872
2025-08-25,2966,76075,1.0,0.5579905596763317,0.2552258934592043,0.011126095751854349,0.700944032366824,0.9580282615839631,0.08473217219848833,0.06972067039106145,9.201445941505094E-4,0.08216891225764049,0.25319750246467304,0.5665330266184686,0.23680578376602038,0.7480118304304962
2025-09-01,3010,77147,1.0,0.5581395348837209,0.25448504983388703,0.0106312292358804,0.7016611295681063,0.957691161030241,0.085304678082103,0.07024252401259932,8.684718783620879E-4,0.08262148884596938,0.2524790335333843,0.5684990991224546,0.2373391058628333,0.7476894759355516
2025-09-08,3055,78081,1.0,0.55810147299509,0.25368248772504093,0.010147299509001636,0.7057283142389525,0.9573519806354939,0.08542411085923592,0.07017072014958825,8.32468846454323E-4,0.08332372792356656,0.25189226572405576,0.5698825578565848,0.23735607894366106,0.7478515900154967
2025-09-15,3104,79155,1.0,0.5596005154639175,0.25225515463917525,0.009664948453608248,0.7090850515463918,0.9567683658644431,0.08581896279451709,0.06988819404964942,8.338070873602425E-4,0.08432821678984272,0.25074853136251657,0.5721558966584549,0.23744551828690544,0.7479628576842903
2025-09-22,3146,80247,1.0,0.5607120152574698,0.25143038779402416,0.01112523839796567,0.7120152574698029,0.9562849701546475,0.08582252296035989,0.07028300123369098,0.0010841526786048077,0.08542375415903398,0.24982865403068027,0.5741273817089736,0.2375166672897429,0.7480902712874001
2025-09-29,3199,81818,1.0,0.559549859331041,0.24945295404814005,0.04095029696780244,0.7105345420443888,0.9553154562565694,0.08699797110660246,0.07015571145713657,0.003006673348162996,0.08619130264733922,0.2480872179715955,0.5765723923830942,0.23696497103326897,0.7489183309296243
2025-10-06,3269,83020,1.0,0.5570510859590089,0.252370755582747,0.06852248394004283,0.7035790761700826,0.954661527342809,0.08715972054926524,0.07046494820525175,0.005263791857383763,0.0866658636473139,0.24767525897374126,0.5779209828956878,0.2373163093230547,0.7487713803902674
2025-10-13,3315,84066,1.0,0.5604826546003017,0.2506787330316742,0.09683257918552036,0.7034690799396682,0.9538219970023553,0.087681107701092,0.07019484690600243,0.007006399733542693,0.08701496443270763,0.24682987176742083,0.5793662122617943,0.23764661099612208,0.7486141840934504
2025-10-20,3356,85058,1.0,0.5625744934445769,0.25148986889153757,0.10846245530393325,0.702622169249106,0.9534082625972865,0.08802229067224718,0.07010510475205155,0.008065085000822968,0.08764607679465776,0.24611441604552187,0.5807449034776271,0.23781419737120554,0.7486068329845517
2025-10-27,3401,85738,0.9967656571596589,0.561893560717436,0.25227874154660396,0.11878859159070862,0.7018523963540135,0.9518299937017425,0.0889920455340689,0.06998063868996245,0.009342415265109986,0.08852550794280249,0.2458886374769647,0.5810142527234132,0.23940376495836152,0.7471249620938207
2025-11-03,3433,83682,0.9927177395863676,0.562481794348966,0.25196621031168076,0.12292455578211477,0.7011360326245266,0.9176286417628642,0.09208670920867092,0.07236920723692072,0.010288951028895103,0.09215840921584093,0.2532444253244425,0.5681867068186707,0.24732917473291746,0.7388685738868573
2025-11-10,3465,83660,0.9922077922077922,0.5639249639249639,0.2528138528138528,0.12813852813852813,0.701010101010101,0.8940234281616065,0.09313889552952427,0.07296198900310781,0.012933301458283529,0.0956729619890031,0.2543628974420273,0.5632321300502032,0.250561797752809,0.735632321300502
2025-11-17,3515,84094,0.9886201991465149,0.566145092460882,0.25263157894736843,0.13940256045519203,0.7041251778093883,0.8925488144219563,0.09397816728898613,0.07363188812519324,0.014245962851095202,0.09721264299474398,0.25402525744999643,0.5628820129854687,0.25218208195590647,0.7340832877494232
2025-11-24,3543,84331,0.9864521591871296,0.5659046006209427,0.25345752187411796,0.1425345752187412,0.7044877222692634,0.8912143814255731,0.09418837675350701,0.07393485195242556,0.014561667714126477,0.09765092314807129,0.25371452965101804,0.5630432462558252,0.25342993679667025,0.7328740320878443
2025-12-01,3564,84535,0.9856902356902357,0.5662177328843996,0.25392817059483724,0.1495510662177329,0.7070707070707071,0.8907553084521205,0.09468267581475129,0.07430058555627847,0.015472881055184243,0.09853906665878039,0.2535991009640977,0.5625125687585024,0.2540249600757083,0.7323120600934524
2025-12-08,3609,84846,0.9817123857024106,0.5646993627043503,0.2538099196453311,0.15350512607370462,0.7057356608478803,0.8896117672017537,0.09526671852532824,0.07449968177639488,0.01602904085048205,0.09926219267849987,0.2533059896754119,0.5621243193550668,0.2549324658793579,0.7314546354571813
2025-12-15,3640,85365,0.9802197802197802,0.5651098901098901,0.25274725274725274,0.15604395604395604,0.7060439560439561,0.8885843144145728,0.09599953142388566,0.07450360217887893,0.016540736835939786,0.09990042757570433,0.2541791132197036,0.5606630352017806,0.25583084402272593,0.730639020675921
2025-12-22,3658,85526,0.9792236194641881,0.5645161290322581,0.2531437944231821,0.15664297430289775,0.7074904319300164,0.8879054322662114,0.09623973996211678,0.07463227556532516,0.016661599981292238,0.10040221686972382,0.25405139957439843,0.560496223370671,0.25640156209807546,0.7300937726539298
2025-12-29,3676,85715,0.9779651795429815,0.5658324265505985,0.2532644178454842,0.15941240478781285,0.7078346028291621,0.8872076066032784,0.09675086040949658,0.07474771043574636,0.016928192265064458,0.10082249314589045,0.25386455112874057,0.5603103307472438,0.2570261914484046,0.7294989208423263
2026-01-05,3711,86070,0.9765561843168957,0.5653462678523309,0.2516841821611425,0.1676098086769065,0.7076259768256534,0.886336702683862,0.09718833507610085,0.07521784593935169,0.018055071453468106,0.10155687231323342,0.25402579295921923,0.5595445567561287,0.2579295921924015,0.7286510979435343
2026-01-12,3746,86505,0.9754404698344902,0.5643352909770422,0.25120128136679126,0.17004805125467165,0.7079551521623064,0.8852667475868446,0.0982024160453153,0.0755563262239177,0.018519160742153633,0.10265302583665684,0.25406623894572566,0.5589734697416334,0.25926825039015083,0.7273799202358245
2026-01-19,3768,86741,0.9758492569002123,0.5639596602972399,0.25185774946921446,0.1735668789808917,0.7093949044585988,0.8846566214362297,0.09840790399003932,0.07573119977865139,0.018895332080561673,0.10308850485929376,0.2541358757680912,0.5584902180053262,0.25990016255288734,0.7267843349742337
2026-01-26,3797,87488,0.9739267843033974,0.5620226494601,0.2507242559915723,0.1777719252041085,0.7116144324466684,0.8821209765910754,0.09795629114850037,0.07783924652523774,0.019454096561814193,0.1056716349670812,0.2531318580833943,0.5574478785662034,0.2617044623262619,0.725093727139722
2026-02-02,3832,87758,0.9731210855949896,0.5636743215031316,0.2502609603340292,0.18293319415448853,0.7116388308977035,0.8814808906310536,0.09836140294901889,0.07862531051300166,0.019895622051550856,0.10613277422001413,0.25331023952232273,0.5568609129651998,0.2624376125253538,0.724401194193122
2026-02-09,3853,88085,0.9724889696340514,0.5637165844796262,0.24967557747209967,0.18531014793667272,0.7116532572021801,0.8808991315206902,0.09859794516660045,0.07877618209683829,0.020116932508372595,0.10671510472838736,0.25364136913208835,0.5561786910370665,0.2633024919112221,0.7235851734120452
2026-02-16,3882,88347,0.970118495620814,0.5646573930963421,0.2485832045337455,0.18804739824832561,0.7117465224111282,0.8800638391795986,0.09917710844737229,0.07876894518206617,0.020351568247931454,0.10733810995279976,0.2538852479427711,0.5557404326123128,0.26409498907716167,0.7228315619092895
2026-02-23,3918,88662,0.9678407350689127,0.5648289943848902,0.2478305257784584,0.1919346605410924,0.7146503318019398,0.8791928898513456,0.09972705330355733,0.07904175407728227,0.02092215379756829,0.10803952087703864,0.25404344589564865,0.5552209514786492,0.26495003496424624,0.7220229636146264
2026-03-02,3962,89157,0.9641595153962645,0.563351842503786,0.24709742554265524,0.1966178697627461,0.7180716809692075,0.8777886200746997,0.10016039121998273,0.07913007391455522,0.021950043182251532,0.10949224401897775,0.2532386688650358,0.5544825420325942,0.266069966463654,0.7209753580762026
2026-03-09,3990,89409,0.9624060150375939,0.5639097744360902,0.24736842105263157,0.1974937343358396,0.7197994987468672,0.8771712020042725,0.10052679260477133,0.07935442740663691,0.022033576038206444,0.10998892728919907,0.2531512487557181,0.5540941068572515,0.2667516692950374,0.7203301681038822
2026-03-16,4026,89719,0.9587680079483358,0.5648286140089419,0.2466467958271237,0.20144063586686536,0.7218082463984103,0.8761689274289727,0.10102653841438268,0.07942576265896856,0.0224924486452145,0.11050056286851169,0.2529898906586119,0.5538514695883815,0.2675910342290931,0.719535438424414
2026-03-23,4055,90075,0.955363748458693,0.5662145499383477,0.24734895191122072,0.20517879161528976,0.7215782983970407,0.8750929780738274,0.102014987510408,0.07980016652789342,0.023003053011379407,0.11131834582292534,0.25318900915903414,0.5533721898417985,0.2686872051068554,0.7184901470996392
2026-03-30,4088,90634,0.9540117416829745,0.5670254403131115,0.2473091976516634,0.2071917808219178,0.7221135029354208,0.8738111525476091,0.10294150098197144,0.07999205596133901,0.02329148001853609,0.11177924399232077,0.2536134342520467,0.5522541209700554,0.2700090473773639,0.7172473906039676
2026-04-06,4106,90951,0.9522649780808573,0.5681928884559182,0.24719922065270336,0.2077447637603507,0.7213833414515344,0.872964563336302,0.1035282734659322,0.07991116095479983,0.02336422909038933,0.11201636045782894,0.2535211267605634,0.5519015733746743,0.27094809292915967,0.7163527613770052
2026-04-13,4109,91089,0.9527865660744707,0.5689948892674617,0.24726210756875153,0.20856656120710634,0.7211000243368216,0.8726520216491563,0.10383251545192065,0.07996574778513323,0.023537419446914554,0.11217600368870007,0.2535981293021111,0.5516802248350514,0.2713499983532589,0.7159700951816356
2026-04-20,4109,91168,0.9527865660744707,0.5694816256996836,0.24799221221708445,0.20880992942321733,0.7218301289851545,0.8725320287820287,0.10390707265707266,0.08010486135486135,0.023637679887679886,0.11225429975429975,0.25375131625131625,0.551487363987364,0.2715536153036153,0.7157774657774658
